Workbook

Sheet Программа
A1: Неделя защиты | B1: Тема | C1: Лекция | D1: Лабораторная (СРО) | E1: Баллы
A2: 1
A3: 2
A4: 3
A5: 4
A6: 5
A7: 6
A8: 7
A9: 8
A10: 9
A11: 10
A12: 11
A13: 12
... A16: 15
H18: РК1 | I18: РК2 | J18: Семестр
G19: Баллы за ЛР | H19: =SUM(E2:E9) -> 0 | I19: =SUM(E9:E16) -> 0 | J19: =SUM(H19:I19) -> 0
G20: Баллы за посещаемость | H20: =COUNTA(B2:B11)*$H$25*H26 -> 0 | I20: =COUNTA(B4:B15)*$H$25*H26 -> 0 | J20: =SUM(H20:I20) -> 0
G21: Итого | H21: =H19+H20 -> 0 | I21: =I19+I20 -> 0 | J21: =SUM(H21:I21) -> 0
G22: Перенос с РК1 | I22: =H21-50 -> -50
G23: С учетом переноса на РК2 | H23: 50 | I23: =I21+I22 -> -50 | J23: =H23+I23 -> 0
G25: Уроков в неделю | H25: 3
G26: Балл за пос. 1 урока | H26: 0.1

Sheet 23-MK
B1: Успеваемость:
C2: /15 | W2: (max 60)
A3: № | B3: ФИО | C3: ЛР1 | D3: ЛР2 | E3: ЛР3 | F3: ЛР4 | G3: ЛР5 | H3: ЛР6 | I3: ЛР7 | J3: ЛР8 | S3: Всего баллов | U3: РК1 (исх.) | W3: Фиксация РК1 | Y3: РК1(в ведомость) | AA3: Остаток для РК2 | AE3: РК2 (исх.) | AG3: РК2(в ведомость) | AI3: Долг на экзамен
A4: 1 | B4: Ахмадиев Даулет Аубакерович | S4: =U4+AE4-AA4 -> 0.3 | T4: =_xlfn.CONCAT("/", Программа!$J$23) -> /0 | U4: =SUM(C4:F4)+Программа!$H$26*COUNTIF(C24:Z24, "+")+R4 -> 0.3 | V4: =_xlfn.CONCAT("/",Программа!$H$21) -> /0 | Y4: =IF(W4>60, 100, ROUND(W4/60*100,0)) -> 0 | Z4: /100 | AA4: =U4-W4 -> 0.3 | AB4: / | AC4: =Программа!$I$22 -> -50 | AE4: =SUM(G4:J4)+COUNTIF(AA24:AU24, "+")*Программа!$H$26+AA4 -> 0.3 | AF4: =_xlfn.CONCAT("/",Программа!$I$23) -> /-50 | AG4: =IF(AE4>60, 100, ROUND(AE4/60*100, 0)) -> 1 | AH4: /100
A5: 2 | B5: Булатбекулы Ринат | S5: =U5+AE5-AA5 -> 0.3 | T5: =T4 -> /0 | U5: =SUM(C5:F5)+Программа!$H$26*COUNTIF(C25:Z25, "+")+R5 -> 0.3 | V5: =V4 -> /0 | Y5: =IF(W5>60, 100, ROUND(W5/60*100,0)) -> 0 | Z5: /100 | AA5: =U5-W5 -> 0.3 | AB5: / | AC5: =AC4 -> -50 | AE5: =SUM(G5:J5)+COUNTIF(AA25:AU25, "+")*Программа!$H$26+AA5 -> 0.3 | AF5: =$AF$4 -> /-50 | AG5: =IF(AE5>60, 100, ROUND(AE5/60*100, 0)) -> 1 | AH5: /100
A6: 3 | B6: Гусева Алёна Сергеевна | S6: =U6+AE6-AA6 -> 0 | T6: =T5 -> /0 | U6: =SUM(C6:F6)+Программа!$H$26*COUNTIF(C26:Z26, "+")+R6 -> 0 | V6: =V5 -> /0 | Y6: =IF(W6>60, 100, ROUND(W6/60*100,0)) -> 0 | Z6: /100 | AA6: =U6-W6 -> 0 | AB6: / | AC6: =AC5 -> -50 | AE6: =SUM(G6:J6)+COUNTIF(AA26:AU26, "+")*Программа!$H$26+AA6 -> 0 | AF6: =$AF$4 -> /-50 | AG6: =IF(AE6>60, 100, ROUND(AE6/60*100, 0)) -> 0 | AH6: /100
A7: 4 | B7: Жанузаков Аскар Манарбекулы | S7: =U7+AE7-AA7 -> 0.3 | T7: =T6 -> /0 | U7: =SUM(C7:F7)+Программа!$H$26*COUNTIF(C27:Z27, "+")+R7 -> 0.3 | V7: =V6 -> /0 | Y7: =IF(W7>60, 100, ROUND(W7/60*100,0)) -> 0 | Z7: /100 | AA7: =U7-W7 -> 0.3 | AB7: / | AC7: =AC6 -> -50 | AE7: =SUM(G7:J7)+COUNTIF(AA27:AU27, "+")*Программа!$H$26+AA7 -> 0.3 | AF7: =$AF$4 -> /-50 | AG7: =IF(AE7>60, 100, ROUND(AE7/60*100, 0)) -> 1 | AH7: /100
A8: 5 | B8: Зарипханов Қуаныш Ерланұлы | S8: =U8+AE8-AA8 -> 0.3 | T8: =T7 -> /0 | U8: =SUM(C8:F8)+Программа!$H$26*COUNTIF(C28:Z28, "+")+R8 -> 0.3 | V8: =V7 -> /0 | Y8: =IF(W8>60, 100, ROUND(W8/60*100,0)) -> 0 | Z8: /100 | AA8: =U8-W8 -> 0.3 | AB8: / | AC8: =AC7 -> -50 | AE8: =SUM(G8:J8)+COUNTIF(AA28:AU28, "+")*Программа!$H$26+AA8 -> 0.3 | AF8: =$AF$4 -> /-50 | AG8: =IF(AE8>60, 100, ROUND(AE8/60*100, 0)) -> 1 | AH8: /100
A9: 6 | B9: Колесников Евгений Максимович | S9: =U9+AE9-AA9 -> 0.3 | T9: =T8 -> /0 | U9: =SUM(C9:F9)+Программа!$H$26*COUNTIF(C29:Z29, "+")+R9 -> 0.3 | V9: =V8 -> /0 | Y9: =IF(W9>60, 100, ROUND(W9/60*100,0)) -> 0 | Z9: /100 | AA9: =U9-W9 -> 0.3 | AB9: / | AC9: =AC8 -> -50 | AE9: =SUM(G9:J9)+COUNTIF(AA29:AU29, "+")*Программа!$H$26+AA9 -> 0.3 | AF9: =$AF$4 -> /-50 | AG9: =IF(AE9>60, 100, ROUND(AE9/60*100, 0)) -> 1 | AH9: /100
A10: 7 | B10: Крикуненко Данил Александрович | S10: =U10+AE10-AA10 -> 0 | T10: =T9 -> /0 | U10: =SUM(C10:F10)+Программа!$H$26*COUNTIF(C30:Z30, "+")+R10 -> 0 | V10: =V9 -> /0 | Y10: =IF(W10>60, 100, ROUND(W10/60*100,0)) -> 0 | Z10: /100 | AA10: =U10-W10 -> 0 | AB10: / | AC10: =AC9 -> -50 | AE10: =SUM(G10:J10)+COUNTIF(AA30:AU30, "+")*Программа!$H$26+AA10 -> 0 | AF10: =$AF$4 -> /-50 | AG10: =IF(AE10>60, 100, ROUND(AE10/60*100, 0)) -> 0 | AH10: /100
A11: 8 | B11: Мягкова Софья Александровна | S11: =U11+AE11-AA11 -> 0.3 | T11: =T10 -> /0 | U11: =SUM(C11:F11)+Программа!$H$26*COUNTIF(C31:Z31, "+")+R11 -> 0.3 | V11: =V10 -> /0 | Y11: =IF(W11>60, 100, ROUND(W11/60*100,0)) -> 0 | Z11: /100 | AA11: =U11-W11 -> 0.3 | AB11: / | AC11: =AC10 -> -50 | AE11: =SUM(G11:J11)+COUNTIF(AA31:AU31, "+")*Программа!$H$26+AA11 -> 0.3 | AF11: =$AF$4 -> /-50 | AG11: =IF(AE11>60, 100, ROUND(AE11/60*100, 0)) -> 1 | AH11: /100
A12: 9 | B12: Смагулова Алина Айбековна | S12: =U12+AE12-AA12 -> 0 | T12: =T11 -> /0 | U12: =SUM(C12:F12)+Программа!$H$26*COUNTIF(C32:Z32, "+")+R12 -> 0 | V12: =V11 -> /0 | Y12: =IF(W12>60, 100, ROUND(W12/60*100,0)) -> 0 | Z12: /100 | AA12: =U12-W12 -> 0 | AB12: / | AC12: =AC11 -> -50 | AE12: =SUM(G12:J12)+COUNTIF(AA32:AU32, "+")*Программа!$H$26+AA12 -> 0 | AF12: =$AF$4 -> /-50 | AG12: =IF(AE12>60, 100, ROUND(AE12/60*100, 0)) -> 0 | AH12: /100
A13: 10 | B13: Чеботарь Денис Константинович | S13: =U13+AE13-AA13 -> 0.3 | T13: =T12 -> /0 | U13: =SUM(C13:F13)+Программа!$H$26*COUNTIF(C33:Z33, "+")+R13 -> 0.3 | V13: =V12 -> /0 | Y13: =IF(W13>60, 100, ROUND(W13/60*100,0)) -> 0 | Z13: /100 | AA13: =U13-W13 -> 0.3 | AB13: / | AC13: =AC12 -> -50 | AE13: =SUM(G13:J13)+COUNTIF(AA33:AU33, "+")*Программа!$H$26+AA13 -> 0.3 | AF13: =$AF$4 -> /-50 | AG13: =IF(AE13>60, 100, ROUND(AE13/60*100, 0)) -> 1 | AH13: /100
A14: 11 | B14: Шарыпов Александр Николаевич | S14: =U14+AE14-AA14 -> 0.3 | T14: =T13 -> /0 | U14: =SUM(C14:F14)+Программа!$H$26*COUNTIF(C34:Z34, "+")+R14 -> 0.3 | V14: =V13 -> /0 | Y14: =IF(W14>60, 100, ROUND(W14/60*100,0)) -> 0 | Z14: /100 | AA14: =U14-W14 -> 0.3 | AB14: / | AC14: =AC13 -> -50 | AE14: =SUM(G14:J14)+COUNTIF(AA34:AU34, "+")*Программа!$H$26+AA14 -> 0.3 | AF14: =$AF$4 -> /-50 | AG14: =IF(AE14>60, 100, ROUND(AE14/60*100, 0)) -> 1 | AH14: /100
A15: 12 | S15: =U15+AE15-AA15 -> 0.3 | T15: =T14 -> /0 | U15: =SUM(C15:F15)+Программа!$H$26*COUNTIF(C35:Z35, "+")+R15 -> 0 | V15: =V14 -> /0 | W15: =U15 -> 0 | Y15: =IF(W15>60, 100, ROUND(W15/60*100,0)) -> 0 | Z15: /100 | AA15: =U15-W15 -> 0 | AB15: / | AC15: =AC14 -> -50 | AE15: =SUM(G15:J15)+COUNTIF(AA35:AU35, "+")*Программа!$H$26+AA15 -> 0.3 | AF15: =$AF$4 -> /-50 | AG15: =IF(AE15>60, 100, ROUND(AE15/60*100, 0)) -> 1 | AH15: /100
A16: 13 | S16: =U16+AE16-AA16 -> 0.3 | T16: =T15 -> /0 | U16: =SUM(C16:F16)+Программа!$H$26*COUNTIF(C36:Z36, "+")+R16 -> 0 | V16: =V15 -> /0 | W16: =U16 -> 0 | Y16: =IF(W16>60, 100, ROUND(W16/60*100,0)) -> 0 | Z16: /100 | AA16: =U16-W16 -> 0 | AB16: / | AC16: =AC15 -> -50 | AE16: =SUM(G16:J16)+COUNTIF(AA36:AU36, "+")*Программа!$H$26+AA16 -> 0.3 | AF16: =$AF$4 -> /-50 | AG16: =IF(AE16>60, 100, ROUND(AE16/60*100, 0)) -> 1 | AH16: /100
A17: 14 | S17: =U17+AE17-AA17 -> 0.3 | T17: =T16 -> /0 | U17: =SUM(C17:F17)+Программа!$H$26*COUNTIF(C37:Z37, "+")+R17 -> 0 | V17: =V16 -> /0 | W17: =U17 -> 0 | Y17: =IF(W17>60, 100, ROUND(W17/60*100,0)) -> 0 | Z17: /100 | AA17: =U17-W17 -> 0 | AB17: / | AC17: =AC16 -> -50 | AE17: =SUM(G17:J17)+COUNTIF(AA37:AU37, "+")*Программа!$H$26+AA17 -> 0.3 | AF17: =$AF$4 -> /-50 | AG17: =IF(AE17>60, 100, ROUND(AE17/60*100, 0)) -> 1 | AH17: /100
B19: Посещаемость:
B21: Неделя | C21: 1 | F21: 2 | I21: 3 | L21: 4 | O21: 5 | R21: 6 | U21: 7 | X21: 8 | AA21: 9 | AD21: 10 | AG21: 11 | AJ21: 12 | AM21: 13 | AP21: 14 | AS21: 15 | AV21: РК1 - пропуски | AY21: РК2 - пропуски | BB21: Итого
B22: Дата
A23: № | B23: ФИО | C23: Лаб1 | D23: Лаб2 | E23: Лек | F23: Лаб1 | G23: Лаб2 | H23: Лек | I23: Лаб1 | J23: Лаб2 | K23: Лек | L23: Лаб1 | M23: Лаб2 | N23: Лек | O23: Лаб1 | P23: Лаб2 | Q23: Лек | R23: Лаб1 | S23: Лаб2 | T23: Лек | U23: Лаб1 | V23: Лаб2 | W23: Лек | X23: Лаб1 | Y23: Лаб2 | Z23: Лек | AA23: Лаб1 | AB23: Лаб2 | AC23: Лек | AD23: Лаб1 | AE23: Лаб2 | AF23: Лек | AG23: Лаб1 | AH23: Лаб2 | AI23: Лек | AJ23: Лаб1 | AK23: Лаб2 | AL23: Лек | AM23: Лаб1 | AN23: Лаб2 | AO23: Лек | AP23: Лаб1 | AQ23: Лаб2 | AR23: Лек | AS23: Лаб1 | AT23: Лаб2 | AU23: Лек | AV23: Всего | AW23: Лек | AX23: Лаб | AY23: Всего | AZ23: Лек | BA23: Лаб | BB23: Сумма | BC23: Процент
A24: 1 | B24: =B4 -> Ахмадиев Даулет Аубакерович | C24: + | D24: + | E24: + | F24: - | G24: - | H24: - | I24: - | J24: - | K24: - | L24: - | M24: - | N24: - | O24: - | P24: - | Q24: - | R24: - | S24: - | T24: - | U24: - | V24: - | W24: - | X24: - | Y24: - | Z24: - | AA24: - | AB24: - | AC24: - | AD24: - | AE24: - | AF24: - | AG24: - | AH24: - | AI24: - | AJ24: - | AK24: - | AL24: - | AM24: - | AN24: - | AO24: - | AP24: - | AQ24: - | AR24: - | AS24: - | AT24: - | AU24: - | AV24: =COUNTIF(C24:Z24, "") -> 0 | AW24: =COUNTIF(E24, "")+COUNTIF(H24, "")+COUNTIF(K24, "")+COUNTIF(N24, "")+COUNTIF(Q24, "")+COUNTIF(T24, "")+COUNTIF(W24, "")+COUNTIF(Z24, "") -> 0 | AX24: =COUNTIF(C24:D24, "")+COUNTIF(F24:G24, "")+COUNTIF(I24:J24, "")+COUNTIF(L24:M24, "")+COUNTIF(O24:P24, "")+COUNTIF(R24:S24, "")+COUNTIF(U24:V24, "")+COUNTIF(X24:Y24, "") -> 0 | AY24: =COUNTIF(AA24:AU24, "") -> 0 | AZ24: =COUNTIF(AC24, "")+COUNTIF(AF24, "")+COUNTIF(AI24, "")+COUNTIF(AL24, "")+COUNTIF(AO24, "")+COUNTIF(AR24, "")+COUNTIF(AU24, "") -> 0 | BA24: =COUNTIF(AA24:AB24, "")+COUNTIF(AD24:AE24, "")+COUNTIF(AG24:AH24, "")+COUNTIF(AJ24:AK24, "")+COUNTIF(AM24:AN24, "")+COUNTIF(AP24:AQ24, "")+COUNTIF(AS24:AT24, "") -> 0 | BB24: =AV24+AY24 -> 0 | BC24: =BB24/45*100 -> 0
A25: 2 | B25: =B5 -> Булатбекулы Ринат | C25: + | D25: + | E25: + | F25: - | G25: - | H25: - | I25: - | J25: - | K25: - | L25: - | M25: - | N25: - | O25: - | P25: - | Q25: - | R25: - | S25: - | T25: - | U25: - | V25: - | W25: - | X25: - | Y25: - | Z25: - | AA25: - | AB25: - | AC25: - | AD25: - | AE25: - | AF25: - | AG25: - | AH25: - | AI25: - | AJ25: - | AK25: - | AL25: - | AM25: - | AN25: - | AO25: - | AP25: - | AQ25: - | AR25: - | AS25: - | AT25: - | AU25: - | AV25: =COUNTIF(C25:Z25, "") -> 0 | AW25: =COUNTIF(E25, "")+COUNTIF(H25, "")+COUNTIF(K25, "")+COUNTIF(N25, "")+COUNTIF(Q25, "")+COUNTIF(T25, "")+COUNTIF(W25, "")+COUNTIF(Z25, "") -> 0 | AX25: =COUNTIF(C25:D25, "")+COUNTIF(F25:G25, "")+COUNTIF(I25:J25, "")+COUNTIF(L25:M25, "")+COUNTIF(O25:P25, "")+COUNTIF(R25:S25, "")+COUNTIF(U25:V25, "")+COUNTIF(X25:Y25, "") -> 0 | AY25: =COUNTIF(AA25:AU25, "") -> 0 | AZ25: =COUNTIF(AC25, "")+COUNTIF(AF25, "")+COUNTIF(AI25, "")+COUNTIF(AL25, "")+COUNTIF(AO25, "")+COUNTIF(AR25, "")+COUNTIF(AU25, "") -> 0 | BA25: =COUNTIF(AA25:AB25, "")+COUNTIF(AD25:AE25, "")+COUNTIF(AG25:AH25, "")+COUNTIF(AJ25:AK25, "")+COUNTIF(AM25:AN25, "")+COUNTIF(AP25:AQ25, "")+COUNTIF(AS25:AT25, "") -> 0 | BB25: =AV25+AY25 -> 0 | BC25: =BB25/45*100 -> 0
A26: 3 | B26: =B6 -> Гусева Алёна Сергеевна | F26: - | G26: - | H26: - | I26: - | J26: - | K26: - | L26: - | M26: - | N26: - | O26: - | P26: - | Q26: - | R26: - | S26: - | T26: - | U26: - | V26: - | W26: - | X26: - | Y26: - | Z26: - | AA26: - | AB26: - | AC26: - | AD26: - | AE26: - | AF26: - | AG26: - | AH26: - | AI26: - | AJ26: - | AK26: - | AL26: - | AM26: - | AN26: - | AO26: - | AP26: - | AQ26: - | AR26: - | AS26: - | AT26: - | AU26: - | AV26: =COUNTIF(C26:Z26, "") -> 3 | AW26: =COUNTIF(E26, "")+COUNTIF(H26, "")+COUNTIF(K26, "")+COUNTIF(N26, "")+COUNTIF(Q26, "")+COUNTIF(T26, "")+COUNTIF(W26, "")+COUNTIF(Z26, "") -> 1 | AX26: =COUNTIF(C26:D26, "")+COUNTIF(F26:G26, "")+COUNTIF(I26:J26, "")+COUNTIF(L26:M26, "")+COUNTIF(O26:P26, "")+COUNTIF(R26:S26, "")+COUNTIF(U26:V26, "")+COUNTIF(X26:Y26, "") -> 2 | AY26: =COUNTIF(AA26:AU26, "") -> 0 | AZ26: =COUNTIF(AC26, "")+COUNTIF(AF26, "")+COUNTIF(AI26, "")+COUNTIF(AL26, "")+COUNTIF(AO26, "")+COUNTIF(AR26, "")+COUNTIF(AU26, "") -> 0 | BA26: =COUNTIF(AA26:AB26, "")+COUNTIF(AD26:AE26, "")+COUNTIF(AG26:AH26, "")+COUNTIF(AJ26:AK26, "")+COUNTIF(AM26:AN26, "")+COUNTIF(AP26:AQ26, "")+COUNTIF(AS26:AT26, "") -> 0 | BB26: =AV26+AY26 -> 3 | BC26: =BB26/45*100 -> 6.6666667
A27: 4 | B27: =B7 -> Жанузаков Аскар Манарбекулы | C27: + | D27: + | E27: + | F27: - | G27: - | H27: - | I27: - | J27: - | K27: - | L27: - | M27: - | N27: - | O27: - | P27: - | Q27: - | R27: - | S27: - | T27: - | U27: - | V27: - | W27: - | X27: - | Y27: - | Z27: - | AA27: - | AB27: - | AC27: - | AD27: - | AE27: - | AF27: - | AG27: - | AH27: - | AI27: - | AJ27: - | AK27: - | AL27: - | AM27: - | AN27: - | AO27: - | AP27: - | AQ27: - | AR27: - | AS27: - | AT27: - | AU27: - | AV27: =COUNTIF(C27:Z27, "") -> 0 | AW27: =COUNTIF(E27, "")+COUNTIF(H27, "")+COUNTIF(K27, "")+COUNTIF(N27, "")+COUNTIF(Q27, "")+COUNTIF(T27, "")+COUNTIF(W27, "")+COUNTIF(Z27, "") -> 0 | AX27: =COUNTIF(C27:D27, "")+COUNTIF(F27:G27, "")+COUNTIF(I27:J27, "")+COUNTIF(L27:M27, "")+COUNTIF(O27:P27, "")+COUNTIF(R27:S27, "")+COUNTIF(U27:V27, "")+COUNTIF(X27:Y27, "") -> 0 | AY27: =COUNTIF(AA27:AU27, "") -> 0 | AZ27: =COUNTIF(AC27, "")+COUNTIF(AF27, "")+COUNTIF(AI27, "")+COUNTIF(AL27, "")+COUNTIF(AO27, "")+COUNTIF(AR27, "")+COUNTIF(AU27, "") -> 0 | BA27: =COUNTIF(AA27:AB27, "")+COUNTIF(AD27:AE27, "")+COUNTIF(AG27:AH27, "")+COUNTIF(AJ27:AK27, "")+COUNTIF(AM27:AN27, "")+COUNTIF(AP27:AQ27, "")+COUNTIF(AS27:AT27, "") -> 0 | BB27: =AV27+AY27 -> 0 | BC27: =BB27/45*100 -> 0
A28: 5 | B28: =B8 -> Зарипханов Қуаныш Ерланұлы | C28: + | D28: + | E28: + | F28: - | G28: - | H28: - | I28: - | J28: - | K28: - | L28: - | M28: - | N28: - | O28: - | P28: - | Q28: - | R28: - | S28: - | T28: - | U28: - | V28: - | W28: - | X28: - | Y28: - | Z28: - | AA28: - | AB28: - | AC28: - | AD28: - | AE28: - | AF28: - | AG28: - | AH28: - | AI28: - | AJ28: - | AK28: - | AL28: - | AM28: - | AN28: - | AO28: - | AP28: - | AQ28: - | AR28: - | AS28: - | AT28: - | AU28: - | AV28: =COUNTIF(C28:Z28, "") -> 0 | AW28: =COUNTIF(E28, "")+COUNTIF(H28, "")+COUNTIF(K28, "")+COUNTIF(N28, "")+COUNTIF(Q28, "")+COUNTIF(T28, "")+COUNTIF(W28, "")+COUNTIF(Z28, "") -> 0 | AX28: =COUNTIF(C28:D28, "")+COUNTIF(F28:G28, "")+COUNTIF(I28:J28, "")+COUNTIF(L28:M28, "")+COUNTIF(O28:P28, "")+COUNTIF(R28:S28, "")+COUNTIF(U28:V28, "")+COUNTIF(X28:Y28, "") -> 0 | AY28: =COUNTIF(AA28:AU28, "") -> 0 | AZ28: =COUNTIF(AC28, "")+COUNTIF(AF28, "")+COUNTIF(AI28, "")+COUNTIF(AL28, "")+COUNTIF(AO28, "")+COUNTIF(AR28, "")+COUNTIF(AU28, "") -> 0 | BA28: =COUNTIF(AA28:AB28, "")+COUNTIF(AD28:AE28, "")+COUNTIF(AG28:AH28, "")+COUNTIF(AJ28:AK28, "")+COUNTIF(AM28:AN28, "")+COUNTIF(AP28:AQ28, "")+COUNTIF(AS28:AT28, "") -> 0 | BB28: =AV28+AY28 -> 0 | BC28: =BB28/45*100 -> 0
A29: 6 | B29: =B9 -> Колесников Евгений Максимович | C29: + | D29: + | E29: + | F29: - | G29: - | H29: - | I29: - | J29: - | K29: - | L29: - | M29: - | N29: - | O29: - | P29: - | Q29: - | R29: - | S29: - | T29: - | U29: - | V29: - | W29: - | X29: - | Y29: - | Z29: - | AA29: - | AB29: - | AC29: - | AD29: - | AE29: - | AF29: - | AG29: - | AH29: - | AI29: - | AJ29: - | AK29: - | AL29: - | AM29: - | AN29: - | AO29: - | AP29: - | AQ29: - | AR29: - | AS29: - | AT29: - | AU29: - | AV29: =COUNTIF(C29:Z29, "") -> 0 | AW29: =COUNTIF(E29, "")+COUNTIF(H29, "")+COUNTIF(K29, "")+COUNTIF(N29, "")+COUNTIF(Q29, "")+COUNTIF(T29, "")+COUNTIF(W29, "")+COUNTIF(Z29, "") -> 0 | AX29: =COUNTIF(C29:D29, "")+COUNTIF(F29:G29, "")+COUNTIF(I29:J29, "")+COUNTIF(L29:M29, "")+COUNTIF(O29:P29, "")+COUNTIF(R29:S29, "")+COUNTIF(U29:V29, "")+COUNTIF(X29:Y29, "") -> 0 | AY29: =COUNTIF(AA29:AU29, "") -> 0 | AZ29: =COUNTIF(AC29, "")+COUNTIF(AF29, "")+COUNTIF(AI29, "")+COUNTIF(AL29, "")+COUNTIF(AO29, "")+COUNTIF(AR29, "")+COUNTIF(AU29, "") -> 0 | BA29: =COUNTIF(AA29:AB29, "")+COUNTIF(AD29:AE29, "")+COUNTIF(AG29:AH29, "")+COUNTIF(AJ29:AK29, "")+COUNTIF(AM29:AN29, "")+COUNTIF(AP29:AQ29, "")+COUNTIF(AS29:AT29, "") -> 0 | BB29: =AV29+AY29 -> 0 | BC29: =BB29/45*100 -> 0
A30: 7 | B30: =B10 -> Крикуненко Данил Александрович | F30: - | G30: - | H30: - | I30: - | J30: - | K30: - | L30: - | M30: - | N30: - | O30: - | P30: - | Q30: - | R30: - | S30: - | T30: - | U30: - | V30: - | W30: - | X30: - | Y30: - | Z30: - | AA30: - | AB30: - | AC30: - | AD30: - | AE30: - | AF30: - | AG30: - | AH30: - | AI30: - | AJ30: - | AK30: - | AL30: - | AM30: - | AN30: - | AO30: - | AP30: - | AQ30: - | AR30: - | AS30: - | AT30: - | AU30: - | AV30: =COUNTIF(C30:Z30, "") -> 3 | AW30: =COUNTIF(E30, "")+COUNTIF(H30, "")+COUNTIF(K30, "")+COUNTIF(N30, "")+COUNTIF(Q30, "")+COUNTIF(T30, "")+COUNTIF(W30, "")+COUNTIF(Z30, "") -> 1 | AX30: =COUNTIF(C30:D30, "")+COUNTIF(F30:G30, "")+COUNTIF(I30:J30, "")+COUNTIF(L30:M30, "")+COUNTIF(O30:P30, "")+COUNTIF(R30:S30, "")+COUNTIF(U30:V30, "")+COUNTIF(X30:Y30, "") -> 2 | AY30: =COUNTIF(AA30:AU30, "") -> 0 | AZ30: =COUNTIF(AC30, "")+COUNTIF(AF30, "")+COUNTIF(AI30, "")+COUNTIF(AL30, "")+COUNTIF(AO30, "")+COUNTIF(AR30, "")+COUNTIF(AU30, "") -> 0 | BA30: =COUNTIF(AA30:AB30, "")+COUNTIF(AD30:AE30, "")+COUNTIF(AG30:AH30, "")+COUNTIF(AJ30:AK30, "")+COUNTIF(AM30:AN30, "")+COUNTIF(AP30:AQ30, "")+COUNTIF(AS30:AT30, "") -> 0 | BB30: =AV30+AY30 -> 3 | BC30: =BB30/45*100 -> 6.6666667
A31: 8 | B31: =B11 -> Мягкова Софья Александровна | C31: + | D31: + | E31: + | F31: - | G31: - | H31: - | I31: - | J31: - | K31: - | L31: - | M31: - | N31: - | O31: - | P31: - | Q31: - | R31: - | S31: - | T31: - | U31: - | V31: - | W31: - | X31: - | Y31: - | Z31: - | AA31: - | AB31: - | AC31: - | AD31: - | AE31: - | AF31: - | AG31: - | AH31: - | AI31: - | AJ31: - | AK31: - | AL31: - | AM31: - | AN31: - | AO31: - | AP31: - | AQ31: - | AR31: - | AS31: - | AT31: - | AU31: - | AV31: =COUNTIF(C31:Z31, "") -> 0 | AW31: =COUNTIF(E31, "")+COUNTIF(H31, "")+COUNTIF(K31, "")+COUNTIF(N31, "")+COUNTIF(Q31, "")+COUNTIF(T31, "")+COUNTIF(W31, "")+COUNTIF(Z31, "") -> 0 | AX31: =COUNTIF(C31:D31, "")+COUNTIF(F31:G31, "")+COUNTIF(I31:J31, "")+COUNTIF(L31:M31, "")+COUNTIF(O31:P31, "")+COUNTIF(R31:S31, "")+COUNTIF(U31:V31, "")+COUNTIF(X31:Y31, "") -> 0 | AY31: =COUNTIF(AA31:AU31, "") -> 0 | AZ31: =COUNTIF(AC31, "")+COUNTIF(AF31, "")+COUNTIF(AI31, "")+COUNTIF(AL31, "")+COUNTIF(AO31, "")+COUNTIF(AR31, "")+COUNTIF(AU31, "") -> 0 | BA31: =COUNTIF(AA31:AB31, "")+COUNTIF(AD31:AE31, "")+COUNTIF(AG31:AH31, "")+COUNTIF(AJ31:AK31, "")+COUNTIF(AM31:AN31, "")+COUNTIF(AP31:AQ31, "")+COUNTIF(AS31:AT31, "") -> 0 | BB31: =AV31+AY31 -> 0 | BC31: =BB31/45*100 -> 0
A32: 9 | B32: =B12 -> Смагулова Алина Айбековна | F32: - | G32: - | H32: - | I32: - | J32: - | K32: - | L32: - | M32: - | N32: - | O32: - | P32: - | Q32: - | R32: - | S32: - | T32: - | U32: - | V32: - | W32: - | X32: - | Y32: - | Z32: - | AA32: - | AB32: - | AC32: - | AD32: - | AE32: - | AF32: - | AG32: - | AH32: - | AI32: - | AJ32: - | AK32: - | AL32: - | AM32: - | AN32: - | AO32: - | AP32: - | AQ32: - | AR32: - | AS32: - | AT32: - | AU32: - | AV32: =COUNTIF(C32:Z32, "") -> 3 | AW32: =COUNTIF(E32, "")+COUNTIF(H32, "")+COUNTIF(K32, "")+COUNTIF(N32, "")+COUNTIF(Q32, "")+COUNTIF(T32, "")+COUNTIF(W32, "")+COUNTIF(Z32, "") -> 1 | AX32: =COUNTIF(C32:D32, "")+COUNTIF(F32:G32, "")+COUNTIF(I32:J32, "")+COUNTIF(L32:M32, "")+COUNTIF(O32:P32, "")+COUNTIF(R32:S32, "")+COUNTIF(U32:V32, "")+COUNTIF(X32:Y32, "") -> 2 | AY32: =COUNTIF(AA32:AU32, "") -> 0 | AZ32: =COUNTIF(AC32, "")+COUNTIF(AF32, "")+COUNTIF(AI32, "")+COUNTIF(AL32, "")+COUNTIF(AO32, "")+COUNTIF(AR32, "")+COUNTIF(AU32, "") -> 0 | BA32: =COUNTIF(AA32:AB32, "")+COUNTIF(AD32:AE32, "")+COUNTIF(AG32:AH32, "")+COUNTIF(AJ32:AK32, "")+COUNTIF(AM32:AN32, "")+COUNTIF(AP32:AQ32, "")+COUNTIF(AS32:AT32, "") -> 0 | BB32: =AV32+AY32 -> 3 | BC32: =BB32/45*100 -> 6.6666667
A33: 10 | B33: =B13 -> Чеботарь Денис Константинович | C33: + | D33: + | E33: + | F33: - | G33: - | H33: - | I33: - | J33: - | K33: - | L33: - | M33: - | N33: - | O33: - | P33: - | Q33: - | R33: - | S33: - | T33: - | U33: - | V33: - | W33: - | X33: - | Y33: - | Z33: - | AA33: - | AB33: - | AC33: - | AD33: - | AE33: - | AF33: - | AG33: - | AH33: - | AI33: - | AJ33: - | AK33: - | AL33: - | AM33: - | AN33: - | AO33: - | AP33: - | AQ33: - | AR33: - | AS33: - | AT33: - | AU33: - | AV33: =COUNTIF(C33:Z33, "") -> 0 | AW33: =COUNTIF(E33, "")+COUNTIF(H33, "")+COUNTIF(K33, "")+COUNTIF(N33, "")+COUNTIF(Q33, "")+COUNTIF(T33, "")+COUNTIF(W33, "")+COUNTIF(Z33, "") -> 0 | AX33: =COUNTIF(C33:D33, "")+COUNTIF(F33:G33, "")+COUNTIF(I33:J33, "")+COUNTIF(L33:M33, "")+COUNTIF(O33:P33, "")+COUNTIF(R33:S33, "")+COUNTIF(U33:V33, "")+COUNTIF(X33:Y33, "") -> 0 | AY33: =COUNTIF(AA33:AU33, "") -> 0 | AZ33: =COUNTIF(AC33, "")+COUNTIF(AF33, "")+COUNTIF(AI33, "")+COUNTIF(AL33, "")+COUNTIF(AO33, "")+COUNTIF(AR33, "")+COUNTIF(AU33, "") -> 0 | BA33: =COUNTIF(AA33:AB33, "")+COUNTIF(AD33:AE33, "")+COUNTIF(AG33:AH33, "")+COUNTIF(AJ33:AK33, "")+COUNTIF(AM33:AN33, "")+COUNTIF(AP33:AQ33, "")+COUNTIF(AS33:AT33, "") -> 0 | BB33: =AV33+AY33 -> 0 | BC33: =BB33/45*100 -> 0
A34: 11 | B34: =B14 -> Шарыпов Александр Николаевич | C34: + | D34: + | E34: + | F34: - | G34: - | H34: - | I34: - | J34: - | K34: - | L34: - | M34: - | N34: - | O34: - | P34: - | Q34: - | R34: - | S34: - | T34: - | U34: - | V34: - | W34: - | X34: - | Y34: - | Z34: - | AA34: - | AB34: - | AC34: - | AD34: - | AE34: - | AF34: - | AG34: - | AH34: - | AI34: - | AJ34: - | AK34: - | AL34: - | AM34: - | AN34: - | AO34: - | AP34: - | AQ34: - | AR34: - | AS34: - | AT34: - | AU34: - | AV34: =COUNTIF(C34:Z34, "") -> 0 | AW34: =COUNTIF(E34, "")+COUNTIF(H34, "")+COUNTIF(K34, "")+COUNTIF(N34, "")+COUNTIF(Q34, "")+COUNTIF(T34, "")+COUNTIF(W34, "")+COUNTIF(Z34, "") -> 0 | AX34: =COUNTIF(C34:D34, "")+COUNTIF(F34:G34, "")+COUNTIF(I34:J34, "")+COUNTIF(L34:M34, "")+COUNTIF(O34:P34, "")+COUNTIF(R34:S34, "")+COUNTIF(U34:V34, "")+COUNTIF(X34:Y34, "") -> 0 | AY34: =COUNTIF(AA34:AU34, "") -> 0 | AZ34: =COUNTIF(AC34, "")+COUNTIF(AF34, "")+COUNTIF(AI34, "")+COUNTIF(AL34, "")+COUNTIF(AO34, "")+COUNTIF(AR34, "")+COUNTIF(AU34, "") -> 0 | BA34: =COUNTIF(AA34:AB34, "")+COUNTIF(AD34:AE34, "")+COUNTIF(AG34:AH34, "")+COUNTIF(AJ34:AK34, "")+COUNTIF(AM34:AN34, "")+COUNTIF(AP34:AQ34, "")+COUNTIF(AS34:AT34, "") -> 0 | BB34: =AV34+AY34 -> 0 | BC34: =BB34/45*100 -> 0
A35: 12 | B35: =B15 -> 0 | C35: - | D35: - | E35: - | F35: - | G35: - | H35: - | I35: - | J35: - | K35: - | L35: - | M35: - | N35: - | O35: - | P35: - | Q35: - | R35: - | S35: - | T35: - | U35: - | V35: - | W35: - | X35: - | Y35: - | Z35: - | AA35: - | AB35: - | AC35: - | AD35: - | AE35: - | AF35: - | AG35: - | AH35: - | AI35: - | AJ35: + | AK35: + | AL35: + | AM35: - | AN35: - | AO35: - | AP35: - | AQ35: - | AR35: - | AS35: - | AT35: - | AU35: - | AV35: =COUNTIF(C35:Z35, "") -> 0 | AW35: =COUNTIF(E35, "")+COUNTIF(H35, "")+COUNTIF(K35, "")+COUNTIF(N35, "")+COUNTIF(Q35, "")+COUNTIF(T35, "")+COUNTIF(W35, "")+COUNTIF(Z35, "") -> 0 | AX35: =COUNTIF(C35:D35, "")+COUNTIF(F35:G35, "")+COUNTIF(I35:J35, "")+COUNTIF(L35:M35, "")+COUNTIF(O35:P35, "")+COUNTIF(R35:S35, "")+COUNTIF(U35:V35, "")+COUNTIF(X35:Y35, "") -> 0 | AY35: =COUNTIF(AA35:AU35, "") -> 0 | AZ35: =COUNTIF(AC35, "")+COUNTIF(AF35, "")+COUNTIF(AI35, "")+COUNTIF(AL35, "")+COUNTIF(AO35, "")+COUNTIF(AR35, "")+COUNTIF(AU35, "") -> 0 | BA35: =COUNTIF(AA35:AB35, "")+COUNTIF(AD35:AE35, "")+COUNTIF(AG35:AH35, "")+COUNTIF(AJ35:AK35, "")+COUNTIF(AM35:AN35, "")+COUNTIF(AP35:AQ35, "")+COUNTIF(AS35:AT35, "") -> 0 | BB35: =AV35+AY35 -> 0 | BC35: =BB35/45*100 -> 0
A36: 13 | B36: =B16 -> 0 | C36: - | D36: - | E36: - | F36: - | G36: - | H36: - | I36: - | J36: - | K36: - | L36: - | M36: - | N36: - | O36: - | P36: - | Q36: - | R36: - | S36: - | T36: - | U36: - | V36: - | W36: - | X36: - | Y36: - | Z36: - | AA36: - | AB36: - | AC36: - | AD36: - | AE36: - | AF36: - | AG36: - | AH36: - | AI36: - | AJ36: + | AK36: + | AL36: + | AM36: - | AN36: - | AO36: - | AP36: - | AQ36: - | AR36: - | AS36: - | AT36: - | AU36: - | AV36: =COUNTIF(C36:Z36, "") -> 0 | AW36: =COUNTIF(E36, "")+COUNTIF(H36, "")+COUNTIF(K36, "")+COUNTIF(N36, "")+COUNTIF(Q36, "")+COUNTIF(T36, "")+COUNTIF(W36, "")+COUNTIF(Z36, "") -> 0 | AX36: =COUNTIF(C36:D36, "")+COUNTIF(F36:G36, "")+COUNTIF(I36:J36, "")+COUNTIF(L36:M36, "")+COUNTIF(O36:P36, "")+COUNTIF(R36:S36, "")+COUNTIF(U36:V36, "")+COUNTIF(X36:Y36, "") -> 0 | AY36: =COUNTIF(AA36:AU36, "") -> 0 | AZ36: =COUNTIF(AC36, "")+COUNTIF(AF36, "")+COUNTIF(AI36, "")+COUNTIF(AL36, "")+COUNTIF(AO36, "")+COUNTIF(AR36, "")+COUNTIF(AU36, "") -> 0 | BA36: =COUNTIF(AA36:AB36, "")+COUNTIF(AD36:AE36, "")+COUNTIF(AG36:AH36, "")+COUNTIF(AJ36:AK36, "")+COUNTIF(AM36:AN36, "")+COUNTIF(AP36:AQ36, "")+COUNTIF(AS36:AT36, "") -> 0 | BB36: =AV36+AY36 -> 0 | BC36: =BB36/45*100 -> 0
A37: 14 | B37: =B17 -> 0 | C37: - | D37: - | E37: - | F37: - | G37: - | H37: - | I37: - | J37: - | K37: - | L37: - | M37: - | N37: - | O37: - | P37: - | Q37: - | R37: - | S37: - | T37: - | U37: - | V37: - | W37: - | X37: - | Y37: - | Z37: - | AA37: - | AB37: - | AC37: - | AD37: - | AE37: - | AF37: - | AG37: - | AH37: - | AI37: - | AJ37: + | AK37: + | AL37: + | AM37: - | AN37: - | AO37: - | AP37: - | AQ37: - | AR37: - | AS37: - | AT37: - | AU37: - | AV37: =COUNTIF(C37:Z37, "") -> 0 | AW37: =COUNTIF(E37, "")+COUNTIF(H37, "")+COUNTIF(K37, "")+COUNTIF(N37, "")+COUNTIF(Q37, "")+COUNTIF(T37, "")+COUNTIF(W37, "")+COUNTIF(Z37, "") -> 0 | AX37: =COUNTIF(C37:D37, "")+COUNTIF(F37:G37, "")+COUNTIF(I37:J37, "")+COUNTIF(L37:M37, "")+COUNTIF(O37:P37, "")+COUNTIF(R37:S37, "")+COUNTIF(U37:V37, "")+COUNTIF(X37:Y37, "") -> 0 | AY37: =COUNTIF(AA37:AU37, "") -> 0 | AZ37: =COUNTIF(AC37, "")+COUNTIF(AF37, "")+COUNTIF(AI37, "")+COUNTIF(AL37, "")+COUNTIF(AO37, "")+COUNTIF(AR37, "")+COUNTIF(AU37, "") -> 0 | BA37: =COUNTIF(AA37:AB37, "")+COUNTIF(AD37:AE37, "")+COUNTIF(AG37:AH37, "")+COUNTIF(AJ37:AK37, "")+COUNTIF(AM37:AN37, "")+COUNTIF(AP37:AQ37, "")+COUNTIF(AS37:AT37, "") -> 0 | BB37: =AV37+AY37 -> 0 | BC37: =BB37/45*100 -> 0
B38: Всего присутствовало: | C38: =COUNTIF(C24:C37, "+") -> 8 | D38: =COUNTIF(D24:D37, "+") -> 8 | E38: =COUNTIF(E24:E37, "+") -> 8 | F38: =COUNTIF(F24:F37, "+") -> 0 | G38: =COUNTIF(G24:G37, "+") -> 0 | H38: =COUNTIF(H24:H37, "+") -> 0 | I38: =COUNTIF(I24:I37, "+") -> 0 | J38: =COUNTIF(J24:J37, "+") -> 0 | ... AU38: =COUNTIF(AU24:AU37, "+") -> 0

Sheet 23-MKK
B1: Успеваемость:
C2: /15 | W2: (max 60)
A3: № | B3: ФИО | C3: ЛР1 | D3: ЛР2 | E3: ЛР3 | F3: ЛР4 | G3: ЛР5 | H3: ЛР6 | I3: ЛР7 | J3: ЛР8 | S3: Всего баллов | U3: РК1 (исх.) | W3: Фиксация РК1 | Y3: РК1(в ведомость) | AA3: Остаток для РК2 | AE3: РК2 (исх.) | AG3: РК2(в ведомость) | AI3: Долг на экзамен
A4: 1 | B4: Абилов Шамиль Мерхатович | S4: =U4+AE4-AA4 -> 0.3 | T4: =_xlfn.CONCAT("/", Программа!$J$23) -> /0 | U4: =SUM(C4:F4)+Программа!$H$26*COUNTIF(C24:Z24, "+")+R4 -> 0.3 | V4: =_xlfn.CONCAT("/",Программа!$H$21) -> /0 | Y4: =IF(W4>60, 100, ROUND(W4/60*100,0)) -> 0 | Z4: /100 | AA4: =U4-W4 -> 0.3 | AB4: / | AC4: =Программа!$I$22 -> -50 | AE4: =SUM(G4:J4)+COUNTIF(AA24:AU24, "+")*Программа!$H$26+AA4 -> 0.3 | AF4: =_xlfn.CONCAT("/",Программа!$I$23) -> /-50 | AG4: =IF(AE4>60, 100, ROUND(AE4/60*100, 0)) -> 1 | AH4: /100
A5: 2 | B5: Амирханов Алмас Досымулы | S5: =U5+AE5-AA5 -> 0.3 | T5: =T4 -> /0 | U5: =SUM(C5:F5)+Программа!$H$26*COUNTIF(C25:Z25, "+")+R5 -> 0.3 | V5: =V4 -> /0 | Y5: =IF(W5>60, 100, ROUND(W5/60*100,0)) -> 0 | Z5: /100 | AA5: =U5-W5 -> 0.3 | AB5: / | AC5: =AC4 -> -50 | AE5: =SUM(G5:J5)+COUNTIF(AA25:AU25, "+")*Программа!$H$26+AA5 -> 0.3 | AF5: =$AF$4 -> /-50 | AG5: =IF(AE5>60, 100, ROUND(AE5/60*100, 0)) -> 1 | AH5: /100
A6: 3 | B6: Ахметов Ариман Айдынович | S6: =U6+AE6-AA6 -> 0 | T6: =T5 -> /0 | U6: =SUM(C6:F6)+Программа!$H$26*COUNTIF(C26:Z26, "+")+R6 -> 0 | V6: =V5 -> /0 | Y6: =IF(W6>60, 100, ROUND(W6/60*100,0)) -> 0 | Z6: /100 | AA6: =U6-W6 -> 0 | AB6: / | AC6: =AC5 -> -50 | AE6: =SUM(G6:J6)+COUNTIF(AA26:AU26, "+")*Программа!$H$26+AA6 -> 0 | AF6: =$AF$4 -> /-50 | AG6: =IF(AE6>60, 100, ROUND(AE6/60*100, 0)) -> 0 | AH6: /100
A7: 4 | B7: Байноллаев Шәріпхан Алмасұлы | S7: =U7+AE7-AA7 -> 0.3 | T7: =T6 -> /0 | U7: =SUM(C7:F7)+Программа!$H$26*COUNTIF(C27:Z27, "+")+R7 -> 0.3 | V7: =V6 -> /0 | Y7: =IF(W7>60, 100, ROUND(W7/60*100,0)) -> 0 | Z7: /100 | AA7: =U7-W7 -> 0.3 | AB7: / | AC7: =AC6 -> -50 | AE7: =SUM(G7:J7)+COUNTIF(AA27:AU27, "+")*Программа!$H$26+AA7 -> 0.3 | AF7: =$AF$4 -> /-50 | AG7: =IF(AE7>60, 100, ROUND(AE7/60*100, 0)) -> 1 | AH7: /100
A8: 5 | B8: Бақыт Әли Бақытұлы | S8: =U8+AE8-AA8 -> 0 | T8: =T7 -> /0 | U8: =SUM(C8:F8)+Программа!$H$26*COUNTIF(C28:Z28, "+")+R8 -> 0 | V8: =V7 -> /0 | Y8: =IF(W8>60, 100, ROUND(W8/60*100,0)) -> 0 | Z8: /100 | AA8: =U8-W8 -> 0 | AB8: / | AC8: =AC7 -> -50 | AE8: =SUM(G8:J8)+COUNTIF(AA28:AU28, "+")*Программа!$H$26+AA8 -> 0 | AF8: =$AF$4 -> /-50 | AG8: =IF(AE8>60, 100, ROUND(AE8/60*100, 0)) -> 0 | AH8: /100
A9: 6 | B9: Болатбеков Мирас Мерейұлы | S9: =U9+AE9-AA9 -> 0 | T9: =T8 -> /0 | U9: =SUM(C9:F9)+Программа!$H$26*COUNTIF(C29:Z29, "+")+R9 -> 0 | V9: =V8 -> /0 | Y9: =IF(W9>60, 100, ROUND(W9/60*100,0)) -> 0 | Z9: /100 | AA9: =U9-W9 -> 0 | AB9: / | AC9: =AC8 -> -50 | AE9: =SUM(G9:J9)+COUNTIF(AA29:AU29, "+")*Программа!$H$26+AA9 -> 0 | AF9: =$AF$4 -> /-50 | AG9: =IF(AE9>60, 100, ROUND(AE9/60*100, 0)) -> 0 | AH9: /100
A10: 7 | B10: Білісбек Жеңісбек Өмірбекұлы | S10: =U10+AE10-AA10 -> 0 | T10: =T9 -> /0 | U10: =SUM(C10:F10)+Программа!$H$26*COUNTIF(C30:Z30, "+")+R10 -> 0 | V10: =V9 -> /0 | Y10: =IF(W10>60, 100, ROUND(W10/60*100,0)) -> 0 | Z10: /100 | AA10: =U10-W10 -> 0 | AB10: / | AC10: =AC9 -> -50 | AE10: =SUM(G10:J10)+COUNTIF(AA30:AU30, "+")*Программа!$H$26+AA10 -> 0 | AF10: =$AF$4 -> /-50 | AG10: =IF(AE10>60, 100, ROUND(AE10/60*100, 0)) -> 0 | AH10: /100
A11: 8 | B11: Жорабек Даниел Талғатұлы | S11: =U11+AE11-AA11 -> 0 | T11: =T10 -> /0 | U11: =SUM(C11:F11)+Программа!$H$26*COUNTIF(C31:Z31, "+")+R11 -> 0 | V11: =V10 -> /0 | Y11: =IF(W11>60, 100, ROUND(W11/60*100,0)) -> 0 | Z11: /100 | AA11: =U11-W11 -> 0 | AB11: / | AC11: =AC10 -> -50 | AE11: =SUM(G11:J11)+COUNTIF(AA31:AU31, "+")*Программа!$H$26+AA11 -> 0 | AF11: =$AF$4 -> /-50 | AG11: =IF(AE11>60, 100, ROUND(AE11/60*100, 0)) -> 0 | AH11: /100
A12: 9 | B12: Кенжеәлі Нұрсат Сансызбайұлы | S12: =U12+AE12-AA12 -> 0 | T12: =T11 -> /0 | U12: =SUM(C12:F12)+Программа!$H$26*COUNTIF(C32:Z32, "+")+R12 -> 0 | V12: =V11 -> /0 | Y12: =IF(W12>60, 100, ROUND(W12/60*100,0)) -> 0 | Z12: /100 | AA12: =U12-W12 -> 0 | AB12: / | AC12: =AC11 -> -50 | AE12: =SUM(G12:J12)+COUNTIF(AA32:AU32, "+")*Программа!$H$26+AA12 -> 0 | AF12: =$AF$4 -> /-50 | AG12: =IF(AE12>60, 100, ROUND(AE12/60*100, 0)) -> 0 | AH12: /100
A13: 10 | B13: Қатпанов Жарас Нұрлұбекұлы | S13: =U13+AE13-AA13 -> 0 | T13: =T12 -> /0 | U13: =SUM(C13:F13)+Программа!$H$26*COUNTIF(C33:Z33, "+")+R13 -> 0 | V13: =V12 -> /0 | Y13: =IF(W13>60, 100, ROUND(W13/60*100,0)) -> 0 | Z13: /100 | AA13: =U13-W13 -> 0 | AB13: / | AC13: =AC12 -> -50 | AE13: =SUM(G13:J13)+COUNTIF(AA33:AU33, "+")*Программа!$H$26+AA13 -> 0 | AF13: =$AF$4 -> /-50 | AG13: =IF(AE13>60, 100, ROUND(AE13/60*100, 0)) -> 0 | AH13: /100
A14: 11 | B14: Мұратова Назылы Асхатқызы | S14: =U14+AE14-AA14 -> 0.3 | T14: =T13 -> /0 | U14: =SUM(C14:F14)+Программа!$H$26*COUNTIF(C34:Z34, "+")+R14 -> 0.3 | V14: =V13 -> /0 | Y14: =IF(W14>60, 100, ROUND(W14/60*100,0)) -> 0 | Z14: /100 | AA14: =U14-W14 -> 0.3 | AB14: / | AC14: =AC13 -> -50 | AE14: =SUM(G14:J14)+COUNTIF(AA34:AU34, "+")*Программа!$H$26+AA14 -> 0.3 | AF14: =$AF$4 -> /-50 | AG14: =IF(AE14>60, 100, ROUND(AE14/60*100, 0)) -> 1 | AH14: /100
A15: 12 | B15: Нургалиев Бақдәулет Ерланұлы | S15: =U15+AE15-AA15 -> 0.3 | T15: =T14 -> /0 | U15: =SUM(C15:F15)+Программа!$H$26*COUNTIF(C35:Z35, "+")+R15 -> 0.3 | V15: =V14 -> /0 | Y15: =IF(W15>60, 100, ROUND(W15/60*100,0)) -> 0 | Z15: /100 | AA15: =U15-W15 -> 0.3 | AB15: / | AC15: =AC14 -> -50 | AE15: =SUM(G15:J15)+COUNTIF(AA35:AU35, "+")*Программа!$H$26+AA15 -> 0.3 | AF15: =$AF$4 -> /-50 | AG15: =IF(AE15>60, 100, ROUND(AE15/60*100, 0)) -> 1 | AH15: /100
A16: 13 | B16: Нұрислам Айдана Қазыбекқызы | S16: =U16+AE16-AA16 -> 0.3 | T16: =T15 -> /0 | U16: =SUM(C16:F16)+Программа!$H$26*COUNTIF(C36:Z36, "+")+R16 -> 0.3 | V16: =V15 -> /0 | Y16: =IF(W16>60, 100, ROUND(W16/60*100,0)) -> 0 | Z16: /100 | AA16: =U16-W16 -> 0.3 | AB16: / | AC16: =AC15 -> -50 | AE16: =SUM(G16:J16)+COUNTIF(AA36:AU36, "+")*Программа!$H$26+AA16 -> 0.3 | AF16: =$AF$4 -> /-50 | AG16: =IF(AE16>60, 100, ROUND(AE16/60*100, 0)) -> 1 | AH16: /100
A17: 14 | B17: Рақымжанұлы Ералы | S17: =U17+AE17-AA17 -> 0.3 | T17: =T16 -> /0 | U17: =SUM(C17:F17)+Программа!$H$26*COUNTIF(C37:Z37, "+")+R17 -> 0.3 | V17: =V16 -> /0 | W17: =U17 -> 0.3 | Y17: =IF(W17>60, 100, ROUND(W17/60*100,0)) -> 1 | Z17: /100 | AA17: =U17-W17 -> 0 | AB17: / | AC17: =AC16 -> -50 | AE17: =SUM(G17:J17)+COUNTIF(AA37:AU37, "+")*Программа!$H$26+AA17 -> 0 | AF17: =$AF$4 -> /-50 | AG17: =IF(AE17>60, 100, ROUND(AE17/60*100, 0)) -> 0 | AH17: /101
B19: Посещаемость:
B21: Неделя | C21: 1 | F21: 2 | I21: 3 | L21: 4 | O21: 5 | R21: 6 | U21: 7 | X21: 8 | AA21: 9 | AD21: 10 | AG21: 11 | AJ21: 12 | AM21: 13 | AP21: 14 | AS21: 15 | AV21: РК1 - пропуски | AY21: РК2 - пропуски | BB21: Итого
B22: Дата
A23: № | B23: ФИО | C23: Лаб1 | D23: Лаб2 | E23: Лек | F23: Лаб1 | G23: Лаб2 | H23: Лек | I23: Лаб1 | J23: Лаб2 | K23: Лек | L23: Лаб1 | M23: Лаб2 | N23: Лек | O23: Лаб1 | P23: Лаб2 | Q23: Лек | R23: Лаб1 | S23: Лаб2 | T23: Лек | U23: Лаб1 | V23: Лаб2 | W23: Лек | X23: Лаб1 | Y23: Лаб2 | Z23: Лек | AA23: Лаб1 | AB23: Лаб2 | AC23: Лек | AD23: Лаб1 | AE23: Лаб2 | AF23: Лек | AG23: Лаб1 | AH23: Лаб2 | AI23: Лек | AJ23: Лаб1 | AK23: Лаб2 | AL23: Лек | AM23: Лаб1 | AN23: Лаб2 | AO23: Лек | AP23: Лаб1 | AQ23: Лаб2 | AR23: Лек | AS23: Лаб1 | AT23: Лаб2 | AU23: Лек | AV23: Всего | AW23: Лек | AX23: Лаб | AY23: Всего | AZ23: Лек | BA23: Лаб | BB23: Сумма | BC23: Процент
A24: 1 | B24: =B4 -> Абилов Шамиль Мерхатович | C24: + | D24: + | E24: + | F24: - | G24: - | H24: - | I24: - | J24: - | K24: - | L24: - | M24: - | N24: - | O24: - | P24: - | Q24: - | R24: - | S24: - | T24: - | U24: - | V24: - | W24: - | X24: - | Y24: - | Z24: - | AA24: - | AB24: - | AC24: - | AD24: - | AE24: - | AF24: - | AG24: - | AH24: - | AI24: - | AJ24: - | AK24: - | AL24: - | AM24: - | AN24: - | AO24: - | AP24: - | AQ24: - | AR24: - | AS24: - | AT24: - | AU24: - | AV24: =COUNTIF(C24:Z24, "") -> 0 | AW24: =COUNTIF(E24, "")+COUNTIF(H24, "")+COUNTIF(K24, "")+COUNTIF(N24, "")+COUNTIF(Q24, "")+COUNTIF(T24, "")+COUNTIF(W24, "")+COUNTIF(Z24, "") -> 0 | AX24: =COUNTIF(C24:D24, "")+COUNTIF(F24:G24, "")+COUNTIF(I24:J24, "")+COUNTIF(L24:M24, "")+COUNTIF(O24:P24, "")+COUNTIF(R24:S24, "")+COUNTIF(U24:V24, "")+COUNTIF(X24:Y24, "") -> 0 | AY24: =COUNTIF(AA24:AU24, "") -> 0 | AZ24: =COUNTIF(AC24, "")+COUNTIF(AF24, "")+COUNTIF(AI24, "")+COUNTIF(AL24, "")+COUNTIF(AO24, "")+COUNTIF(AR24, "")+COUNTIF(AU24, "") -> 0 | BA24: =COUNTIF(AA24:AB24, "")+COUNTIF(AD24:AE24, "")+COUNTIF(AG24:AH24, "")+COUNTIF(AJ24:AK24, "")+COUNTIF(AM24:AN24, "")+COUNTIF(AP24:AQ24, "")+COUNTIF(AS24:AT24, "") -> 0 | BB24: =AV24+AY24 -> 0 | BC24: =BB24/45*100 -> 0
A25: 2 | B25: =B5 -> Амирханов Алмас Досымулы | C25: + | D25: + | E25: + | F25: - | G25: - | H25: - | I25: - | J25: - | K25: - | L25: - | M25: - | N25: - | O25: - | P25: - | Q25: - | R25: - | S25: - | T25: - | U25: - | V25: - | W25: - | X25: - | Y25: - | Z25: - | AA25: - | AB25: - | AC25: - | AD25: - | AE25: - | AF25: - | AG25: - | AH25: - | AI25: - | AJ25: - | AK25: - | AL25: - | AM25: - | AN25: - | AO25: - | AP25: - | AQ25: - | AR25: - | AS25: - | AT25: - | AU25: - | AV25: =COUNTIF(C25:Z25, "") -> 0 | AW25: =COUNTIF(E25, "")+COUNTIF(H25, "")+COUNTIF(K25, "")+COUNTIF(N25, "")+COUNTIF(Q25, "")+COUNTIF(T25, "")+COUNTIF(W25, "")+COUNTIF(Z25, "") -> 0 | AX25: =COUNTIF(C25:D25, "")+COUNTIF(F25:G25, "")+COUNTIF(I25:J25, "")+COUNTIF(L25:M25, "")+COUNTIF(O25:P25, "")+COUNTIF(R25:S25, "")+COUNTIF(U25:V25, "")+COUNTIF(X25:Y25, "") -> 0 | AY25: =COUNTIF(AA25:AU25, "") -> 0 | AZ25: =COUNTIF(AC25, "")+COUNTIF(AF25, "")+COUNTIF(AI25, "")+COUNTIF(AL25, "")+COUNTIF(AO25, "")+COUNTIF(AR25, "")+COUNTIF(AU25, "") -> 0 | BA25: =COUNTIF(AA25:AB25, "")+COUNTIF(AD25:AE25, "")+COUNTIF(AG25:AH25, "")+COUNTIF(AJ25:AK25, "")+COUNTIF(AM25:AN25, "")+COUNTIF(AP25:AQ25, "")+COUNTIF(AS25:AT25, "") -> 0 | BB25: =AV25+AY25 -> 0 | BC25: =BB25/45*100 -> 0
A26: 3 | B26: =B6 -> Ахметов Ариман Айдынович | F26: - | G26: - | H26: - | I26: - | J26: - | K26: - | L26: - | M26: - | N26: - | O26: - | P26: - | Q26: - | R26: - | S26: - | T26: - | U26: - | V26: - | W26: - | X26: - | Y26: - | Z26: - | AA26: - | AB26: - | AC26: - | AD26: - | AE26: - | AF26: - | AG26: - | AH26: - | AI26: - | AJ26: - | AK26: - | AL26: - | AM26: - | AN26: - | AO26: - | AP26: - | AQ26: - | AR26: - | AS26: - | AT26: - | AU26: - | AV26: =COUNTIF(C26:Z26, "") -> 3 | AW26: =COUNTIF(E26, "")+COUNTIF(H26, "")+COUNTIF(K26, "")+COUNTIF(N26, "")+COUNTIF(Q26, "")+COUNTIF(T26, "")+COUNTIF(W26, "")+COUNTIF(Z26, "") -> 1 | AX26: =COUNTIF(C26:D26, "")+COUNTIF(F26:G26, "")+COUNTIF(I26:J26, "")+COUNTIF(L26:M26, "")+COUNTIF(O26:P26, "")+COUNTIF(R26:S26, "")+COUNTIF(U26:V26, "")+COUNTIF(X26:Y26, "") -> 2 | AY26: =COUNTIF(AA26:AU26, "") -> 0 | AZ26: =COUNTIF(AC26, "")+COUNTIF(AF26, "")+COUNTIF(AI26, "")+COUNTIF(AL26, "")+COUNTIF(AO26, "")+COUNTIF(AR26, "")+COUNTIF(AU26, "") -> 0 | BA26: =COUNTIF(AA26:AB26, "")+COUNTIF(AD26:AE26, "")+COUNTIF(AG26:AH26, "")+COUNTIF(AJ26:AK26, "")+COUNTIF(AM26:AN26, "")+COUNTIF(AP26:AQ26, "")+COUNTIF(AS26:AT26, "") -> 0 | BB26: =AV26+AY26 -> 3 | BC26: =BB26/45*100 -> 6.6666667
A27: 4 | B27: =B7 -> Байноллаев Шәріпхан Алмасұлы | C27: + | D27: + | E27: + | F27: - | G27: - | H27: - | I27: - | J27: - | K27: - | L27: - | M27: - | N27: - | O27: - | P27: - | Q27: - | R27: - | S27: - | T27: - | U27: - | V27: - | W27: - | X27: - | Y27: - | Z27: - | AA27: - | AB27: - | AC27: - | AD27: - | AE27: - | AF27: - | AG27: - | AH27: - | AI27: - | AJ27: - | AK27: - | AL27: - | AM27: - | AN27: - | AO27: - | AP27: - | AQ27: - | AR27: - | AS27: - | AT27: - | AU27: - | AV27: =COUNTIF(C27:Z27, "") -> 0 | AW27: =COUNTIF(E27, "")+COUNTIF(H27, "")+COUNTIF(K27, "")+COUNTIF(N27, "")+COUNTIF(Q27, "")+COUNTIF(T27, "")+COUNTIF(W27, "")+COUNTIF(Z27, "") -> 0 | AX27: =COUNTIF(C27:D27, "")+COUNTIF(F27:G27, "")+COUNTIF(I27:J27, "")+COUNTIF(L27:M27, "")+COUNTIF(O27:P27, "")+COUNTIF(R27:S27, "")+COUNTIF(U27:V27, "")+COUNTIF(X27:Y27, "") -> 0 | AY27: =COUNTIF(AA27:AU27, "") -> 0 | AZ27: =COUNTIF(AC27, "")+COUNTIF(AF27, "")+COUNTIF(AI27, "")+COUNTIF(AL27, "")+COUNTIF(AO27, "")+COUNTIF(AR27, "")+COUNTIF(AU27, "") -> 0 | BA27: =COUNTIF(AA27:AB27, "")+COUNTIF(AD27:AE27, "")+COUNTIF(AG27:AH27, "")+COUNTIF(AJ27:AK27, "")+COUNTIF(AM27:AN27, "")+COUNTIF(AP27:AQ27, "")+COUNTIF(AS27:AT27, "") -> 0 | BB27: =AV27+AY27 -> 0 | BC27: =BB27/45*100 -> 0
A28: 5 | B28: =B8 -> Бақыт Әли Бақытұлы | F28: - | G28: - | H28: - | I28: - | J28: - | K28: - | L28: - | M28: - | N28: - | O28: - | P28: - | Q28: - | R28: - | S28: - | T28: - | U28: - | V28: - | W28: - | X28: - | Y28: - | Z28: - | AA28: - | AB28: - | AC28: - | AD28: - | AE28: - | AF28: - | AG28: - | AH28: - | AI28: - | AJ28: - | AK28: - | AL28: - | AM28: - | AN28: - | AO28: - | AP28: - | AQ28: - | AR28: - | AS28: - | AT28: - | AU28: - | AV28: =COUNTIF(C28:Z28, "") -> 3 | AW28: =COUNTIF(E28, "")+COUNTIF(H28, "")+COUNTIF(K28, "")+COUNTIF(N28, "")+COUNTIF(Q28, "")+COUNTIF(T28, "")+COUNTIF(W28, "")+COUNTIF(Z28, "") -> 1 | AX28: =COUNTIF(C28:D28, "")+COUNTIF(F28:G28, "")+COUNTIF(I28:J28, "")+COUNTIF(L28:M28, "")+COUNTIF(O28:P28, "")+COUNTIF(R28:S28, "")+COUNTIF(U28:V28, "")+COUNTIF(X28:Y28, "") -> 2 | AY28: =COUNTIF(AA28:AU28, "") -> 0 | AZ28: =COUNTIF(AC28, "")+COUNTIF(AF28, "")+COUNTIF(AI28, "")+COUNTIF(AL28, "")+COUNTIF(AO28, "")+COUNTIF(AR28, "")+COUNTIF(AU28, "") -> 0 | BA28: =COUNTIF(AA28:AB28, "")+COUNTIF(AD28:AE28, "")+COUNTIF(AG28:AH28, "")+COUNTIF(AJ28:AK28, "")+COUNTIF(AM28:AN28, "")+COUNTIF(AP28:AQ28, "")+COUNTIF(AS28:AT28, "") -> 0 | BB28: =AV28+AY28 -> 3 | BC28: =BB28/45*100 -> 6.6666667
A29: 6 | B29: =B9 -> Болатбеков Мирас Мерейұлы | F29: - | G29: - | H29: - | I29: - | J29: - | K29: - | L29: - | M29: - | N29: - | O29: - | P29: - | Q29: - | R29: - | S29: - | T29: - | U29: - | V29: - | W29: - | X29: - | Y29: - | Z29: - | AA29: - | AB29: - | AC29: - | AD29: - | AE29: - | AF29: - | AG29: - | AH29: - | AI29: - | AJ29: - | AK29: - | AL29: - | AM29: - | AN29: - | AO29: - | AP29: - | AQ29: - | AR29: - | AS29: - | AT29: - | AU29: - | AV29: =COUNTIF(C29:Z29, "") -> 3 | AW29: =COUNTIF(E29, "")+COUNTIF(H29, "")+COUNTIF(K29, "")+COUNTIF(N29, "")+COUNTIF(Q29, "")+COUNTIF(T29, "")+COUNTIF(W29, "")+COUNTIF(Z29, "") -> 1 | AX29: =COUNTIF(C29:D29, "")+COUNTIF(F29:G29, "")+COUNTIF(I29:J29, "")+COUNTIF(L29:M29, "")+COUNTIF(O29:P29, "")+COUNTIF(R29:S29, "")+COUNTIF(U29:V29, "")+COUNTIF(X29:Y29, "") -> 2 | AY29: =COUNTIF(AA29:AU29, "") -> 0 | AZ29: =COUNTIF(AC29, "")+COUNTIF(AF29, "")+COUNTIF(AI29, "")+COUNTIF(AL29, "")+COUNTIF(AO29, "")+COUNTIF(AR29, "")+COUNTIF(AU29, "") -> 0 | BA29: =COUNTIF(AA29:AB29, "")+COUNTIF(AD29:AE29, "")+COUNTIF(AG29:AH29, "")+COUNTIF(AJ29:AK29, "")+COUNTIF(AM29:AN29, "")+COUNTIF(AP29:AQ29, "")+COUNTIF(AS29:AT29, "") -> 0 | BB29: =AV29+AY29 -> 3 | BC29: =BB29/45*100 -> 6.6666667
A30: 7 | B30: =B10 -> Білісбек Жеңісбек Өмірбекұлы | F30: - | G30: - | H30: - | I30: - | J30: - | K30: - | L30: - | M30: - | N30: - | O30: - | P30: - | Q30: - | R30: - | S30: - | T30: - | U30: - | V30: - | W30: - | X30: - | Y30: - | Z30: - | AA30: - | AB30: - | AC30: - | AD30: - | AE30: - | AF30: - | AG30: - | AH30: - | AI30: - | AJ30: - | AK30: - | AL30: - | AM30: - | AN30: - | AO30: - | AP30: - | AQ30: - | AR30: - | AS30: - | AT30: - | AU30: - | AV30: =COUNTIF(C30:Z30, "") -> 3 | AW30: =COUNTIF(E30, "")+COUNTIF(H30, "")+COUNTIF(K30, "")+COUNTIF(N30, "")+COUNTIF(Q30, "")+COUNTIF(T30, "")+COUNTIF(W30, "")+COUNTIF(Z30, "") -> 1 | AX30: =COUNTIF(C30:D30, "")+COUNTIF(F30:G30, "")+COUNTIF(I30:J30, "")+COUNTIF(L30:M30, "")+COUNTIF(O30:P30, "")+COUNTIF(R30:S30, "")+COUNTIF(U30:V30, "")+COUNTIF(X30:Y30, "") -> 2 | AY30: =COUNTIF(AA30:AU30, "") -> 0 | AZ30: =COUNTIF(AC30, "")+COUNTIF(AF30, "")+COUNTIF(AI30, "")+COUNTIF(AL30, "")+COUNTIF(AO30, "")+COUNTIF(AR30, "")+COUNTIF(AU30, "") -> 0 | BA30: =COUNTIF(AA30:AB30, "")+COUNTIF(AD30:AE30, "")+COUNTIF(AG30:AH30, "")+COUNTIF(AJ30:AK30, "")+COUNTIF(AM30:AN30, "")+COUNTIF(AP30:AQ30, "")+COUNTIF(AS30:AT30, "") -> 0 | BB30: =AV30+AY30 -> 3 | BC30: =BB30/45*100 -> 6.6666667
A31: 8 | B31: =B11 -> Жорабек Даниел Талғатұлы | F31: - | G31: - | H31: - | I31: - | J31: - | K31: - | L31: - | M31: - | N31: - | O31: - | P31: - | Q31: - | R31: - | S31: - | T31: - | U31: - | V31: - | W31: - | X31: - | Y31: - | Z31: - | AA31: - | AB31: - | AC31: - | AD31: - | AE31: - | AF31: - | AG31: - | AH31: - | AI31: - | AJ31: - | AK31: - | AL31: - | AM31: - | AN31: - | AO31: - | AP31: - | AQ31: - | AR31: - | AS31: - | AT31: - | AU31: - | AV31: =COUNTIF(C31:Z31, "") -> 3 | AW31: =COUNTIF(E31, "")+COUNTIF(H31, "")+COUNTIF(K31, "")+COUNTIF(N31, "")+COUNTIF(Q31, "")+COUNTIF(T31, "")+COUNTIF(W31, "")+COUNTIF(Z31, "") -> 1 | AX31: =COUNTIF(C31:D31, "")+COUNTIF(F31:G31, "")+COUNTIF(I31:J31, "")+COUNTIF(L31:M31, "")+COUNTIF(O31:P31, "")+COUNTIF(R31:S31, "")+COUNTIF(U31:V31, "")+COUNTIF(X31:Y31, "") -> 2 | AY31: =COUNTIF(AA31:AU31, "") -> 0 | AZ31: =COUNTIF(AC31, "")+COUNTIF(AF31, "")+COUNTIF(AI31, "")+COUNTIF(AL31, "")+COUNTIF(AO31, "")+COUNTIF(AR31, "")+COUNTIF(AU31, "") -> 0 | BA31: =COUNTIF(AA31:AB31, "")+COUNTIF(AD31:AE31, "")+COUNTIF(AG31:AH31, "")+COUNTIF(AJ31:AK31, "")+COUNTIF(AM31:AN31, "")+COUNTIF(AP31:AQ31, "")+COUNTIF(AS31:AT31, "") -> 0 | BB31: =AV31+AY31 -> 3 | BC31: =BB31/45*100 -> 6.6666667
A32: 9 | B32: =B12 -> Кенжеәлі Нұрсат Сансызбайұлы | F32: - | G32: - | H32: - | I32: - | J32: - | K32: - | L32: - | M32: - | N32: - | O32: - | P32: - | Q32: - | R32: - | S32: - | T32: - | U32: - | V32: - | W32: - | X32: - | Y32: - | Z32: - | AA32: - | AB32: - | AC32: - | AD32: - | AE32: - | AF32: - | AG32: - | AH32: - | AI32: - | AJ32: - | AK32: - | AL32: - | AM32: - | AN32: - | AO32: - | AP32: - | AQ32: - | AR32: - | AS32: - | AT32: - | AU32: - | AV32: =COUNTIF(C32:Z32, "") -> 3 | AW32: =COUNTIF(E32, "")+COUNTIF(H32, "")+COUNTIF(K32, "")+COUNTIF(N32, "")+COUNTIF(Q32, "")+COUNTIF(T32, "")+COUNTIF(W32, "")+COUNTIF(Z32, "") -> 1 | AX32: =COUNTIF(C32:D32, "")+COUNTIF(F32:G32, "")+COUNTIF(I32:J32, "")+COUNTIF(L32:M32, "")+COUNTIF(O32:P32, "")+COUNTIF(R32:S32, "")+COUNTIF(U32:V32, "")+COUNTIF(X32:Y32, "") -> 2 | AY32: =COUNTIF(AA32:AU32, "") -> 0 | AZ32: =COUNTIF(AC32, "")+COUNTIF(AF32, "")+COUNTIF(AI32, "")+COUNTIF(AL32, "")+COUNTIF(AO32, "")+COUNTIF(AR32, "")+COUNTIF(AU32, "") -> 0 | BA32: =COUNTIF(AA32:AB32, "")+COUNTIF(AD32:AE32, "")+COUNTIF(AG32:AH32, "")+COUNTIF(AJ32:AK32, "")+COUNTIF(AM32:AN32, "")+COUNTIF(AP32:AQ32, "")+COUNTIF(AS32:AT32, "") -> 0 | BB32: =AV32+AY32 -> 3 | BC32: =BB32/45*100 -> 6.6666667
A33: 10 | B33: =B13 -> Қатпанов Жарас Нұрлұбекұлы | F33: - | G33: - | H33: - | I33: - | J33: - | K33: - | L33: - | M33: - | N33: - | O33: - | P33: - | Q33: - | R33: - | S33: - | T33: - | U33: - | V33: - | W33: - | X33: - | Y33: - | Z33: - | AA33: - | AB33: - | AC33: - | AD33: - | AE33: - | AF33: - | AG33: - | AH33: - | AI33: - | AJ33: - | AK33: - | AL33: - | AM33: - | AN33: - | AO33: - | AP33: - | AQ33: - | AR33: - | AS33: - | AT33: - | AU33: - | AV33: =COUNTIF(C33:Z33, "") -> 3 | AW33: =COUNTIF(E33, "")+COUNTIF(H33, "")+COUNTIF(K33, "")+COUNTIF(N33, "")+COUNTIF(Q33, "")+COUNTIF(T33, "")+COUNTIF(W33, "")+COUNTIF(Z33, "") -> 1 | AX33: =COUNTIF(C33:D33, "")+COUNTIF(F33:G33, "")+COUNTIF(I33:J33, "")+COUNTIF(L33:M33, "")+COUNTIF(O33:P33, "")+COUNTIF(R33:S33, "")+COUNTIF(U33:V33, "")+COUNTIF(X33:Y33, "") -> 2 | AY33: =COUNTIF(AA33:AU33, "") -> 0 | AZ33: =COUNTIF(AC33, "")+COUNTIF(AF33, "")+COUNTIF(AI33, "")+COUNTIF(AL33, "")+COUNTIF(AO33, "")+COUNTIF(AR33, "")+COUNTIF(AU33, "") -> 0 | BA33: =COUNTIF(AA33:AB33, "")+COUNTIF(AD33:AE33, "")+COUNTIF(AG33:AH33, "")+COUNTIF(AJ33:AK33, "")+COUNTIF(AM33:AN33, "")+COUNTIF(AP33:AQ33, "")+COUNTIF(AS33:AT33, "") -> 0 | BB33: =AV33+AY33 -> 3 | BC33: =BB33/45*100 -> 6.6666667
A34: 11 | B34: =B14 -> Мұратова Назылы Асхатқызы | C34: + | D34: + | E34: + | F34: - | G34: - | H34: - | I34: - | J34: - | K34: - | L34: - | M34: - | N34: - | O34: - | P34: - | Q34: - | R34: - | S34: - | T34: - | U34: - | V34: - | W34: - | X34: - | Y34: - | Z34: - | AA34: - | AB34: - | AC34: - | AD34: - | AE34: - | AF34: - | AG34: - | AH34: - | AI34: - | AJ34: - | AK34: - | AL34: - | AM34: - | AN34: - | AO34: - | AP34: - | AQ34: - | AR34: - | AS34: - | AT34: - | AU34: - | AV34: =COUNTIF(C34:Z34, "") -> 0 | AW34: =COUNTIF(E34, "")+COUNTIF(H34, "")+COUNTIF(K34, "")+COUNTIF(N34, "")+COUNTIF(Q34, "")+COUNTIF(T34, "")+COUNTIF(W34, "")+COUNTIF(Z34, "") -> 0 | AX34: =COUNTIF(C34:D34, "")+COUNTIF(F34:G34, "")+COUNTIF(I34:J34, "")+COUNTIF(L34:M34, "")+COUNTIF(O34:P34, "")+COUNTIF(R34:S34, "")+COUNTIF(U34:V34, "")+COUNTIF(X34:Y34, "") -> 0 | AY34: =COUNTIF(AA34:AU34, "") -> 0 | AZ34: =COUNTIF(AC34, "")+COUNTIF(AF34, "")+COUNTIF(AI34, "")+COUNTIF(AL34, "")+COUNTIF(AO34, "")+COUNTIF(AR34, "")+COUNTIF(AU34, "") -> 0 | BA34: =COUNTIF(AA34:AB34, "")+COUNTIF(AD34:AE34, "")+COUNTIF(AG34:AH34, "")+COUNTIF(AJ34:AK34, "")+COUNTIF(AM34:AN34, "")+COUNTIF(AP34:AQ34, "")+COUNTIF(AS34:AT34, "") -> 0 | BB34: =AV34+AY34 -> 0 | BC34: =BB34/45*100 -> 0
A35: 12 | B35: =B15 -> Нургалиев Бақдәулет Ерланұлы | C35: + | D35: + | E35: + | F35: - | G35: - | H35: - | I35: - | J35: - | K35: - | L35: - | M35: - | N35: - | O35: - | P35: - | Q35: - | R35: - | S35: - | T35: - | U35: - | V35: - | W35: - | X35: - | Y35: - | Z35: - | AA35: - | AB35: - | AC35: - | AD35: - | AE35: - | AF35: - | AG35: - | AH35: - | AI35: - | AJ35: - | AK35: - | AL35: - | AM35: - | AN35: - | AO35: - | AP35: - | AQ35: - | AR35: - | AS35: - | AT35: - | AU35: - | AV35: =COUNTIF(C35:Z35, "") -> 0 | AW35: =COUNTIF(E35, "")+COUNTIF(H35, "")+COUNTIF(K35, "")+COUNTIF(N35, "")+COUNTIF(Q35, "")+COUNTIF(T35, "")+COUNTIF(W35, "")+COUNTIF(Z35, "") -> 0 | AX35: =COUNTIF(C35:D35, "")+COUNTIF(F35:G35, "")+COUNTIF(I35:J35, "")+COUNTIF(L35:M35, "")+COUNTIF(O35:P35, "")+COUNTIF(R35:S35, "")+COUNTIF(U35:V35, "")+COUNTIF(X35:Y35, "") -> 0 | AY35: =COUNTIF(AA35:AU35, "") -> 0 | AZ35: =COUNTIF(AC35, "")+COUNTIF(AF35, "")+COUNTIF(AI35, "")+COUNTIF(AL35, "")+COUNTIF(AO35, "")+COUNTIF(AR35, "")+COUNTIF(AU35, "") -> 0 | BA35: =COUNTIF(AA35:AB35, "")+COUNTIF(AD35:AE35, "")+COUNTIF(AG35:AH35, "")+COUNTIF(AJ35:AK35, "")+COUNTIF(AM35:AN35, "")+COUNTIF(AP35:AQ35, "")+COUNTIF(AS35:AT35, "") -> 0 | BB35: =AV35+AY35 -> 0 | BC35: =BB35/45*100 -> 0
A36: 13 | B36: =B16 -> Нұрислам Айдана Қазыбекқызы | C36: + | D36: + | E36: + | F36: - | G36: - | H36: - | I36: - | J36: - | K36: - | L36: - | M36: - | N36: - | O36: - | P36: - | Q36: - | R36: - | S36: - | T36: - | U36: - | V36: - | W36: - | X36: - | Y36: - | Z36: - | AA36: - | AB36: - | AC36: - | AD36: - | AE36: - | AF36: - | AG36: - | AH36: - | AI36: - | AJ36: - | AK36: - | AL36: - | AM36: - | AN36: - | AO36: - | AP36: - | AQ36: - | AR36: - | AS36: - | AT36: - | AU36: - | AV36: =COUNTIF(C36:Z36, "") -> 0 | AW36: =COUNTIF(E36, "")+COUNTIF(H36, "")+COUNTIF(K36, "")+COUNTIF(N36, "")+COUNTIF(Q36, "")+COUNTIF(T36, "")+COUNTIF(W36, "")+COUNTIF(Z36, "") -> 0 | AX36: =COUNTIF(C36:D36, "")+COUNTIF(F36:G36, "")+COUNTIF(I36:J36, "")+COUNTIF(L36:M36, "")+COUNTIF(O36:P36, "")+COUNTIF(R36:S36, "")+COUNTIF(U36:V36, "")+COUNTIF(X36:Y36, "") -> 0 | AY36: =COUNTIF(AA36:AU36, "") -> 0 | AZ36: =COUNTIF(AC36, "")+COUNTIF(AF36, "")+COUNTIF(AI36, "")+COUNTIF(AL36, "")+COUNTIF(AO36, "")+COUNTIF(AR36, "")+COUNTIF(AU36, "") -> 0 | BA36: =COUNTIF(AA36:AB36, "")+COUNTIF(AD36:AE36, "")+COUNTIF(AG36:AH36, "")+COUNTIF(AJ36:AK36, "")+COUNTIF(AM36:AN36, "")+COUNTIF(AP36:AQ36, "")+COUNTIF(AS36:AT36, "") -> 0 | BB36: =AV36+AY36 -> 0 | BC36: =BB36/45*100 -> 0
A37: 14 | B37: =B17 -> Рақымжанұлы Ералы | C37: + | D37: + | E37: + | F37: - | G37: - | H37: - | I37: - | J37: - | K37: - | L37: - | M37: - | N37: - | O37: - | P37: - | Q37: - | R37: - | S37: - | T37: - | U37: - | V37: - | W37: - | X37: - | Y37: - | Z37: - | AA37: - | AB37: - | AC37: - | AD37: - | AE37: - | AF37: - | AG37: c | AJ37: - | AK37: - | AL37: - | AM37: - | AN37: - | AO37: - | AP37: - | AQ37: - | AR37: - | AS37: - | AT37: - | AU37: - | AV37: =COUNTIF(C37:Z37, "") -> 0 | AW37: =COUNTIF(E37, "")+COUNTIF(H37, "")+COUNTIF(K37, "")+COUNTIF(N37, "")+COUNTIF(Q37, "")+COUNTIF(T37, "")+COUNTIF(W37, "")+COUNTIF(Z37, "") -> 0 | AX37: =COUNTIF(C37:D37, "")+COUNTIF(F37:G37, "")+COUNTIF(I37:J37, "")+COUNTIF(L37:M37, "")+COUNTIF(O37:P37, "")+COUNTIF(R37:S37, "")+COUNTIF(U37:V37, "")+COUNTIF(X37:Y37, "") -> 0 | AY37: =COUNTIF(AA37:AU37, "") -> 2 | AZ37: =COUNTIF(AC37, "")+COUNTIF(AF37, "")+COUNTIF(AI37, "")+COUNTIF(AL37, "")+COUNTIF(AO37, "")+COUNTIF(AR37, "")+COUNTIF(AU37, "") -> 1 | BA37: =COUNTIF(AA37:AB37, "")+COUNTIF(AD37:AE37, "")+COUNTIF(AG37:AH37, "")+COUNTIF(AJ37:AK37, "")+COUNTIF(AM37:AN37, "")+COUNTIF(AP37:AQ37, "")+COUNTIF(AS37:AT37, "") -> 1 | BB37: =AV37+AY37 -> 2 | BC37: =BB37/45*100 -> 4.4444444
B38: Всего присутствовало: | C38: =COUNTIF(C24:C37, "+") -> 7 | D38: =COUNTIF(D24:D37, "+") -> 7 | E38: =COUNTIF(E24:E37, "+") -> 7 | F38: =COUNTIF(F24:F37, "+") -> 0 | G38: =COUNTIF(G24:G37, "+") -> 0 | H38: =COUNTIF(H24:H37, "+") -> 0 | I38: =COUNTIF(I24:I37, "+") -> 0 | J38: =COUNTIF(J24:J37, "+") -> 0 | ... AU38: =COUNTIF(AU24:AU37, "+") -> 0
